Model,AUC,Recall,Precision,F1,Time_sec,CPU_%,Memory_%
default,0.878513,0.8684,0.4261,0.5717,1.07,2.4,27.6
baseline,0.877804,0.7252,0.5798,0.6444,0.94,1.9,28.0
spw_3.31,0.877804,0.7252,0.5798,0.6444,0.88,0.8,28.1
spw_3.31_dropped,0.877092,0.7197,0.5811,0.643,0.87,0.2,28.1
