Model,AUC,Recall,Precision,F1,Time_sec,CPU_%,Memory_%
default,0.87613,0.8684,0.4261,0.5717,0.29,0.4,27.1
baseline,0.875374,0.7252,0.5798,0.6444,0.11,0.9,27.3
spw_3.31,0.875374,0.7252,0.5798,0.6444,0.11,0.0,27.3
spw_3.31_dropped,0.874338,0.7197,0.5811,0.643,0.11,0.4,27.3
