Model,Accuracy,Precision,Recall,F1-score,Train Time (s)
Decision Tree,0.8798738800611869,0.841826800981969,0.99445,0.9117957181497272,360.6329870223999
Random Forest,0.8840570661505323,0.8444002706817797,0.99825,0.9149023920813858,705.4556012153625
Gradient Boosting,0.8665126588205913,0.82533311263759,0.99725,0.9031834442784041,2209.206861972809
Logistic Regression,0.9284800049948491,0.9002395696786151,0.9958,0.9456116610877668,8.220200061798096
