Model,Accuracy,Precision,Recall,F1-score,Train Time (s)
Decision Tree,0.9705928261480349,0.976688344172086,0.9762,0.9764441110277569,71.79946732521057
Random Forest,0.9816127118908625,0.9761566010891429,0.99485,0.9854146546814254,23.97066640853882
Gradient Boosting,0.9664408578653264,0.959411564790989,0.98805,0.9735202108530187,117.0600516796112
Logistic Regression,0.9812068804045828,0.9748359933418193,0.9956,0.985108593479444,8.786527395248413
Voting Classifier,0.9795211188461899,0.9725425053742427,0.9953,0.9837896609666897,147.75779604911804
