Model,Accuracy,Precision,Recall,F1-score,Train Time (s)
Decision Tree,0.9131367292225201,0.8751642575558476,0.9085948158253752,0.891566265060241,3.100834608078003
Random Forest,0.9632707774798928,0.9357377049180328,0.9733969986357435,0.9541959210966232,1.433903694152832
Gradient Boosting,0.9184986595174263,0.9316493313521546,0.8553888130968622,0.8918918918918919,27.853292226791382
Logistic Regression,0.9646112600536193,0.9423076923076923,0.9693042291950886,0.9556153328850033,0.8911113739013672
Voting Classifier,0.9638069705093834,0.9381171823568137,0.9720327421555253,0.9547738693467337,30.257288455963135
